name,price,url
Подвесной светильник Сансет Black,4190руб.,https://www.divan.ru/product/podvesnoj-svetilnik-sanset-black
Торшер Билли Black,12 990руб.,https://www.divan.ru/product/torsher-billi-black
Подвесной светильник Бабл-9,16 490руб.,https://www.divan.ru/product/podvesnoj-svetilnik-babl-9
Торшер Бабл-1,6190руб.,https://www.divan.ru/product/torsher-babl-1
Подвесной светильник Бабл-3,6190руб.,https://www.divan.ru/product/podvesnoj-svetilnik-babl-3
Бра Бабл Black,1990руб.,https://www.divan.ru/product/bra-babl-black
Настольная лампа Дэнди Black,3990руб.,https://www.divan.ru/product/nastolnaya-lampa-dendi-black
Настольная лампа Дэнди White,3990руб.,https://www.divan.ru/product/nastolnaya-lampa-dendi-white
Торшер Варио White,3999руб.,https://www.divan.ru/product/torsher-vario-white
Бра Варио Black,990руб.,https://www.divan.ru/product/bra-vario-black
Бра Варио White,990руб.,https://www.divan.ru/product/bra-vario-white
Подвесной светильник Сансет White,4190руб.,https://www.divan.ru/product/podvesnoj-svetilnik-sanset-white
Подвесной светильник Кэндел Black,2690руб.,https://www.divan.ru/product/podvesnoj-svetilnik-kendel-black
Подвесной светильник Кэндел White,2690руб.,https://www.divan.ru/product/podvesnoj-svetilnik-kendel-white
Торшер Вена Beige,9990руб.,https://www.divan.ru/product/torsher-vena-beige
Настольная лампа Сфера Orange,4990руб.,https://www.divan.ru/product/nastolnaya-lampa-sfera-orange
Подвесной светильник Кая Black,2590руб.,https://www.divan.ru/product/podvesnoj-svetilnik-kaya-black
Торшер Вена Black,9990руб.,https://www.divan.ru/product/torsher-vena-black
Настольная лампа Гровер Glass,3990руб.,https://www.divan.ru/product/nastolnaya-lampa-grover-glass
Настольная лампа Спайк Green,990руб.,https://www.divan.ru/product/nastolnaya-lampa-spajk-green
Настольная лампа Клауд White,11 590руб.,https://www.divan.ru/product/nastolnaya-lampa-klaud-white
Настольная лампа Рэй Black,2990руб.,https://www.divan.ru/product/nastolnaya-lampa-rej-black
Торшер Рэй Black,4990руб.,https://www.divan.ru/product/torsher-rej-black
Подвесной светильник Портланд Black,2590руб.,https://www.divan.ru/product/podvesnoj-svetilnik-portland-black
Торшер Рэй White,3590руб.,https://www.divan.ru/product/torsher-rej-white
Торшер Мун Black,5990руб.,https://www.divan.ru/product/torsher-mun-black
Торшер Варио Black,4990руб.,https://www.divan.ru/product/torsher-vario-black
Настольная лампа Раффи Round,5990руб.,https://www.divan.ru/product/nastolnaya-lampa-raffi-round
Торшер Гросс White,5990руб.,https://www.divan.ru/product/torsher-gross-white
Бра Moderli Alina,3390руб.,https://www.divan.ru/product/bra-moderli-alina
Подвесной светильник Маро Green,11 690руб.,https://www.divan.ru/product/podvesnoj-svetilnik-maro-green
Настольная лампа Машрум Grey,3990руб.,https://www.divan.ru/product/nastolnaya-lampa-mashrum-grey
Настольная лампа Рэй White,2590руб.,https://www.divan.ru/product/nastolnaya-lampa-rej-white
Настольная лампа Junior-4,2990руб.,https://www.divan.ru/product/nastolnaya-lampa-junior-4
Спот Лайт-1 Black,2390руб.,https://www.divan.ru/product/spot-lajt-1-black
Настольная лампа Спайк Orange,990руб.,https://www.divan.ru/product/nastolnaya-lampa-spajk-orange
Настольная лампа Junior-1,3990руб.,https://www.divan.ru/product/nastolnaya-lampa-junior-1
Подвесной светильник Milligan,5490руб.,https://www.divan.ru/product/podvesnoj-svetilnik-milligan
Настольная лампа Сфера Black,3990руб.,https://www.divan.ru/product/nastolnaya-lampa-sfera-black
Подвесной светильник Townshend-4,10 990руб.,https://www.divan.ru/product/podvesnoj-svetilnik-townshend-4
Люстра Монти-3 White,9990руб.,https://www.divan.ru/product/lyustra-monti-3-white
Настольная лампа Junior-2,2890руб.,https://www.divan.ru/product/nastolnaya-lampa-junior-2
Настольная лампа Taeda,4390руб.,https://www.divan.ru/product/nastolnaya-lampa-taeda
Торшер Duetto,6990руб.,https://www.divan.ru/product/torsher-duetto
Настольная лампа Sphere,6530руб.,https://www.divan.ru/product/nastolnaya-lampa-sphere
Подвесной светильник Layham,19 790руб.,https://www.divan.ru/product/podvesnoj-svetilnik-layham
Бра Galdakao-1,6590руб.,https://www.divan.ru/product/bra-galdakao
Настольная лампа Гросс White,3590руб.,https://www.divan.ru/product/nastolnaya-lampa-gross-white
Подвесной светильник Сэнсил Silver,4590руб.,https://www.divan.ru/product/podvesnoj-svetilnik-sensil-silver
Подвесной светильник Tureis,3390руб.,https://www.divan.ru/product/podvesnoj-svetilnik-tureis
Бра Moderli Birds-1,9690руб.,https://www.divan.ru/product/bra-moderli-birds-1
Подвесной светильник Даклин White,3890руб.,https://www.divan.ru/product/podvesnoj-svetilnik-daklin-white
Люстра Монти-5 White,14 990руб.,https://www.divan.ru/product/lyustra-monti-5-white
Настольная лампа Townshend-5,5490руб.,https://www.divan.ru/product/nastolnaya-lampa-townshend-5
Подвесной светильник Лиму-3 Black,5390руб.,https://www.divan.ru/product/podvesnoj-svetilnik-limu-3-black
Подвесной светильник Moderli Libre,5490руб.,https://www.divan.ru/product/podvesnoj-svetilnik-moderli-libre
Настольная лампа Layham,4790руб.,https://www.divan.ru/product/nastolnaya-lampa-layham
Торшер Билли White,12 990руб.,https://www.divan.ru/product/torsher-billi-white
Подвесной светильник Chieveley,14 990руб.,https://www.divan.ru/product/podvesnoj-svetilnik-chieveley
Подвесной светильник Фаро White,5290руб.,https://www.divan.ru/product/podvesnoj-svetilnik-faro-white
Бра Cornus Silver,5590руб.,https://www.divan.ru/product/bra-cornus-silver
Подвесной светильник Руд Black,3390руб.,https://www.divan.ru/product/podvesnoj-svetilnik-rud-black
Спот Олден Brown,1390руб.,https://www.divan.ru/product/spot-olden-brown
Настольная лампа Олли Black Pearl,7990руб.,https://www.divan.ru/product/nastolnaya-lampa-olli-black-pearl
Бра Куб White,2190руб.,https://www.divan.ru/product/bra-kub-white
Подвесной светильник Volare,3990руб.,https://www.divan.ru/product/podvesnoj-svetilnik-volare
Ландшафтный светильник Визор Black,5190руб.,https://www.divan.ru/product/landshaftnyj-svetilnik-vizor-black
Бра Bolla-Unica,5290руб.,https://www.divan.ru/product/bra-bolla-unica
Люстра Леон-5 Black,10 790руб.,https://www.divan.ru/product/lyustra-leon-5-black
Настольная лампа Мист Black,6990руб.,https://www.divan.ru/product/nastolnaya-lampa-mist-black
Настольная лампа Palla Grey,14 990руб.,https://www.divan.ru/product/nastolnaya-lampa-palla-grey
Подвесной светильник Фаро-3 White,6490руб.,https://www.divan.ru/product/podvesnoj-svetilnik-faro-3-white
Спот Дьюк Black,2590руб.,https://www.divan.ru/product/spot-dyuk-black
Подвесной светильник Кэнди Blue,3990руб.,https://www.divan.ru/product/podvesnoj-svetilnik-kendi-blue
Подвесной светильник Пайнд Black,2890руб.,https://www.divan.ru/product/podvesnoj-svetilnik-pajnd-black
Подвесной светильник Фолс White,4990руб.,https://www.divan.ru/product/podvesnoj-svetilnik-fols-white
Люстра Нейва-4 Black,6490руб.,https://www.divan.ru/product/lyustra-nejva-4-black
Подвесной светильник Лима Grafit,2390руб.,https://www.divan.ru/product/podvesnoj-svetilnik-lima-grafit
Бра Лима Black,2290руб.,https://www.divan.ru/product/bra-lima-black
Бра Myrica,4990руб.,https://www.divan.ru/product/bra-myrica
Торшер Combo,11 900руб.,https://www.divan.ru/product/torsher-combo
Бра Техно Стрикт-2 Black,2290руб.,https://www.divan.ru/product/bra-tehno-strikt-2-black
Бра Lithops-2 Black,2690руб.,https://www.divan.ru/product/bra-lithops-2-black
Бра Донатори Black,5590руб.,https://www.divan.ru/product/bra-donatori-black
Торшер Токио White,27 790руб.,https://www.divan.ru/product/torsher-tokio-white
Подвесной светильник Хоул Grey,3690руб.,https://www.divan.ru/product/podvesnoj-svetilnik-houl-grey
Бра Aqua-Bolla,2190руб.,https://www.divan.ru/product/bra-aqua-bolla
Настольная лампа Moderli Suspent,3190руб.,https://www.divan.ru/product/nastolnaya-lampa-moderli-suspent
Подвесной светильник Минки-2 Brown,3290руб.,https://www.divan.ru/product/podvesnoj-svetilnik-minki-2-brown
Подвесной светильник Пайнд White,2890руб.,https://www.divan.ru/product/podvesnoj-svetilnik-pajnd-white
Подвесной светильник Снэки Brown,2490руб.,https://www.divan.ru/product/podvesnoj-svetilnik-sneki-brown
Торшер Moderli Floor White,6590руб.,https://www.divan.ru/product/torsher-moderli-floor-white
Бра Белфаст Single,3590руб.,https://www.divan.ru/product/bra-belfast-single
Бра Фаро Black,2790руб.,https://www.divan.ru/product/bra-faro-black
Ландшафтный светильник Белград Black,10 990руб.,https://www.divan.ru/product/landshaftnyj-svetilnik-belgrad-black
Бра Tarbes-1,5790руб.,https://www.divan.ru/product/bra-tarbes-1
